{
  "test_loss": 0.4591624438762665,
  "test_accuracy": 0.8524670004844666,
  "classification_report": {
    "Class 0": {
      "precision": 0.9228130360205832,
      "recall": 0.8974145120934112,
      "f1-score": 0.9099365750528541,
      "support": 1199.0
    },
    "Class 1": {
      "precision": 0.8198757763975155,
      "recall": 0.8979591836734694,
      "f1-score": 0.8571428571428571,
      "support": 147.0
    },
    "Class 2": {
      "precision": 0.7391304347826086,
      "recall": 0.912751677852349,
      "f1-score": 0.8168168168168168,
      "support": 149.0
    },
    "Class 3": {
      "precision": 0.6889632107023411,
      "recall": 0.7463768115942029,
      "f1-score": 0.7165217391304348,
      "support": 276.0
    },
    "Class 4": {
      "precision": 0.8227848101265823,
      "recall": 0.7065217391304348,
      "f1-score": 0.7602339181286549,
      "support": 276.0
    },
    "accuracy": 0.852467024914509,
    "macro avg": {
      "precision": 0.7987134536059262,
      "recall": 0.8322047848687735,
      "f1-score": 0.8121303812543236,
      "support": 2047.0
    },
    "weighted avg": {
      "precision": 0.8570334430144141,
      "recall": 0.852467024914509,
      "f1-score": 0.8531041624805015,
      "support": 2047.0
    }
  }
}