{
  "accuracy": [
    0.3197866380214691,
    0.47574296593666077,
    0.5339090824127197,
    0.5245110392570496,
    0.5676911473274231,
    0.5486410856246948,
    0.46228092908859253,
    0.5455930829048157,
    0.5659131407737732,
    0.621793270111084,
    0.665989339351654,
    0.44831088185310364,
    0.5422911047935486,
    0.6314452886581421,
    0.684023380279541,
    0.6962153911590576,
    0.7472695112228394,
    0.7256794571876526,
    0.7320294380187988,
    0.5816611647605896,
    0.6949453949928284,
    0.7274574637413025,
    0.7538735270500183,
    0.8013715744018555,
    0.7879095673561096,
    0.8115316033363342,
    0.8117856383323669,
    0.8224536180496216,
    0.8318516612052917,
    0.821691632270813,
    0.8336296677589417,
    0.8242316246032715,
    0.8602997064590454,
    0.8501396775245667,
    0.8501396775245667,
    0.7932435870170593,
    0.8242316246032715,
    0.8463296890258789,
    0.8656337261199951,
    0.8719837665557861,
    0.8775717616081238,
    0.8856997489929199,
    0.8823977708816528,
    0.885191798210144,
    0.8961138129234314,
    0.8983997702598572,
    0.9047498106956482,
    0.9095758199691772,
    0.9077978134155273,
    0.913385808467865
  ],
  "loss": [
    1.5061790943145752,
    1.3798519372940063,
    1.3203938007354736,
    1.254008173942566,
    1.2959725856781006,
    1.3662309646606445,
    1.4251704216003418,
    1.3266487121582031,
    1.3547385931015015,
    1.2180798053741455,
    1.1446861028671265,
    1.3815815448760986,
    1.2525150775909424,
    1.157365083694458,
    1.1485419273376465,
    1.0409363508224487,
    1.014830470085144,
    0.9913706183433533,
    1.0345354080200195,
    1.2000566720962524,
    1.0017099380493164,
    0.9289555549621582,
    0.8485068678855896,
    0.7786667943000793,
    0.7901363372802734,
    0.7327020168304443,
    0.7257306575775146,
    0.6838250756263733,
    0.6885716319084167,
    0.6995749473571777,
    0.6602166295051575,
    0.7579792141914368,
    0.6426004767417908,
    0.5750452876091003,
    0.5976049900054932,
    0.6953728795051575,
    0.6442002058029175,
    0.61366206407547,
    0.5718457102775574,
    0.5476797819137573,
    0.5153469443321228,
    0.5155730247497559,
    0.46496570110321045,
    0.47462499141693115,
    0.44123566150665283,
    0.4453140199184418,
    0.4370012879371643,
    0.38315337896347046,
    0.38427287340164185,
    0.3949927091598511
  ],
  "val_accuracy": [
    0.15025906264781952,
    0.1865285038948059,
    0.2590673565864563,
    0.27979275584220886,
    0.31865283846855164,
    0.515544056892395,
    0.37046632170677185,
    0.409326434135437,
    0.47927460074424744,
    0.49740931391716003,
    0.5595855116844177,
    0.24870465695858002,
    0.5803108811378479,
    0.6113989353179932,
    0.6139896512031555,
    0.6554403901100159,
    0.6424870491027832,
    0.7046632170677185,
    0.6450777053833008,
    0.7176165580749512,
    0.6606217622756958,
    0.6683937907218933,
    0.727979302406311,
    0.7435232996940613,
    0.8005181550979614,
    0.7797927260398865,
    0.7098445892333984,
    0.7953367829322815,
    0.7668393850326538,
    0.8160621523857117,
    0.8056994676589966,
    0.7927461266517639,
    0.7901554107666016,
    0.8212435245513916,
    0.7746114134788513,
    0.8341968655586243,
    0.8082901835441589,
    0.8393782377243042,
    0.8678756356239319,
    0.8601036071777344,
    0.8523315787315369,
    0.8497409224510193,
    0.8730570077896118,
    0.8523315787315369,
    0.8704662919044495,
    0.8704662919044495,
    0.8575129508972168,
    0.8704662919044495,
    0.9015544056892395,
    0.909326434135437
  ],
  "val_loss": [
    1.4798647165298462,
    1.5459407567977905,
    1.3623065948486328,
    1.355661392211914,
    1.3925113677978516,
    1.3022302389144897,
    1.4212254285812378,
    1.4151924848556519,
    1.2899662256240845,
    1.2045284509658813,
    1.2336218357086182,
    1.3550764322280884,
    1.242548942565918,
    1.1668623685836792,
    1.135475754737854,
    1.0952397584915161,
    1.0753055810928345,
    0.9843013882637024,
    1.151910662651062,
    1.1017297506332397,
    1.0335572957992554,
    1.1042526960372925,
    0.9255805015563965,
    0.9140067100524902,
    0.7904037833213806,
    0.7695371508598328,
    0.8436371088027954,
    0.6865510940551758,
    0.7540467977523804,
    0.6111488342285156,
    0.6400505304336548,
    0.6283627152442932,
    0.59971684217453,
    0.5169839262962341,
    0.6845835447311401,
    0.5082480311393738,
    0.5499516129493713,
    0.5314808487892151,
    0.45422643423080444,
    0.4529098868370056,
    0.438098281621933,
    0.45492827892303467,
    0.40505340695381165,
    0.42137470841407776,
    0.40057340264320374,
    0.4103529453277588,
    0.3869352340698242,
    0.3887278139591217,
    0.2940337061882019,
    0.29556193947792053
  ],
  "learning_rate": [
    0.0010000000474974513,
    0.0010000000474974513,
    0.0010000000474974513,
    0.0010000000474974513,
    0.0010000000474974513,
    0.0010000000474974513,
    0.0010000000474974513,
    0.0010000000474974513,
    0.0010000000474974513,
    0.0010000000474974513,
    0.0010000000474974513,
    0.0010000000474974513,
    0.0010000000474974513,
    0.0010000000474974513,
    0.0010000000474974513,
    0.0010000000474974513,
    0.0010000000474974513,
    0.0010000000474974513,
    0.0010000000474974513,
    0.0010000000474974513,
    0.0010000000474974513,
    0.0010000000474974513,
    0.0010000000474974513,
    0.0010000000474974513,
    0.0010000000474974513,
    0.0010000000474974513,
    0.0010000000474974513,
    0.0010000000474974513,
    0.0010000000474974513,
    0.0010000000474974513,
    0.0010000000474974513,
    0.0010000000474974513,
    0.0010000000474974513,
    0.0010000000474974513,
    0.0010000000474974513,
    0.0010000000474974513,
    0.0010000000474974513,
    0.0010000000474974513,
    0.0010000000474974513,
    0.0010000000474974513,
    0.0010000000474974513,
    0.0010000000474974513,
    0.0010000000474974513,
    0.0010000000474974513,
    0.0010000000474974513,
    0.0010000000474974513,
    0.0010000000474974513,
    0.0010000000474974513,
    0.0010000000474974513,
    0.0010000000474974513
  ]
}