{
  "test_loss": 0.41396480798721313,
  "test_accuracy": 0.889106035232544,
  "classification_report": {
    "Class 0": {
      "precision": 0.9398496240601504,
      "recall": 0.9382819015846539,
      "f1-score": 0.9390651085141903,
      "support": 1199.0
    },
    "Class 1": {
      "precision": 0.8366013071895425,
      "recall": 0.8707482993197279,
      "f1-score": 0.8533333333333334,
      "support": 147.0
    },
    "Class 2": {
      "precision": 0.8733333333333333,
      "recall": 0.8791946308724832,
      "f1-score": 0.8762541806020067,
      "support": 149.0
    },
    "Class 3": {
      "precision": 0.7692307692307693,
      "recall": 0.7608695652173914,
      "f1-score": 0.7650273224043715,
      "support": 276.0
    },
    "Class 4": {
      "precision": 0.8248175182481752,
      "recall": 0.8188405797101449,
      "f1-score": 0.8218181818181818,
      "support": 276.0
    },
    "accuracy": 0.8891060087933561,
    "macro avg": {
      "precision": 0.8487665104123941,
      "recall": 0.8535869953408802,
      "f1-score": 0.8510996253344167,
      "support": 2047.0
    },
    "weighted avg": {
      "precision": 0.8890786934127203,
      "recall": 0.8891060087933561,
      "f1-score": 0.8890621871927885,
      "support": 2047.0
    }
  }
}