{
  "accuracy": [
    0.48437896370887756,
    0.6304292678833008,
    0.7000253796577454,
    0.7472695112228394,
    0.7518414855003357,
    0.7688595652580261,
    0.8039116263389587,
    0.8219456672668457,
    0.8237236738204956,
    0.833121657371521,
    0.8646177053451538,
    0.8925577998161316,
    0.8910337686538696,
    0.8808737397193909,
    0.8879857659339905,
    0.8973838090896606,
    0.9001777768135071,
    0.8442977070808411,
    0.7947676181793213,
    0.8806197643280029,
    0.9138938188552856,
    0.9309118390083313,
    0.9126238226890564,
    0.9408178925514221,
    0.9410718679428101,
    0.9438658952713013,
    0.9522479176521301,
    0.9624079465866089,
    0.9479299187660217,
    0.9387858510017395,
    0.9469138979911804,
    0.9558039307594299,
    0.9583439230918884,
    0.9697739481925964,
    0.965455949306488,
    0.9687579274177551,
    0.9796799421310425,
    0.9773939251899719,
    0.978663980960846,
    0.9857759475708008,
    0.9801879525184631,
    0.9758699536323547,
    0.9832359552383423,
    0.9855219721794128,
    0.9847599864006042,
    0.9890779852867126,
    0.9857759475708008
  ],
  "loss": [
    1.3739546537399292,
    1.1243253946304321,
    1.0281627178192139,
    0.9205189943313599,
    0.8669723868370056,
    0.8461817502975464,
    0.7549673914909363,
    0.6943738460540771,
    0.6375961899757385,
    0.6167292594909668,
    0.536623477935791,
    0.4605989158153534,
    0.4552847445011139,
    0.45453375577926636,
    0.44538047909736633,
    0.3874281644821167,
    0.41007256507873535,
    0.4796900749206543,
    0.6344769597053528,
    0.4272858500480652,
    0.3561348617076874,
    0.31357261538505554,
    0.3184709846973419,
    0.2593366503715515,
    0.26489657163619995,
    0.21113532781600952,
    0.21121200919151306,
    0.17485758662223816,
    0.21794268488883972,
    0.23560355603694916,
    0.18794719874858856,
    0.18861781060695648,
    0.1737881749868393,
    0.12470514327287674,
    0.141360804438591,
    0.1246454119682312,
    0.10098211467266083,
    0.09808644652366638,
    0.08539779484272003,
    0.06825137883424759,
    0.07623439282178879,
    0.09860542416572571,
    0.06290999799966812,
    0.07404720038175583,
    0.05668419227004051,
    0.05078387260437012,
    0.0596853569149971
  ],
  "val_accuracy": [
    0.36010363698005676,
    0.44041451811790466,
    0.6761658191680908,
    0.7538859844207764,
    0.7305699586868286,
    0.6373056769371033,
    0.7590673565864563,
    0.8005181550979614,
    0.6450777053833008,
    0.8238341808319092,
    0.818652868270874,
    0.8341968655586243,
    0.6891191601753235,
    0.818652868270874,
    0.8471502661705017,
    0.8341968655586243,
    0.8082901835441589,
    0.6502590775489807,
    0.8445596098899841,
    0.8445596098899841,
    0.8704662919044495,
    0.8626943230628967,
    0.8704662919044495,
    0.8601036071777344,
    0.8756476640701294,
    0.8963730335235596,
    0.8808290362358093,
    0.8860103487968445,
    0.8730570077896118,
    0.8756476640701294,
    0.9015544056892395,
    0.9145077466964722,
    0.9196891188621521,
    0.9300518035888672,
    0.924870491027832,
    0.9145077466964722,
    0.9352331757545471,
    0.9222797751426697,
    0.9326424598693848,
    0.9222797751426697,
    0.9352331757545471,
    0.9274611473083496,
    0.9378238320350647,
    0.9352331757545471,
    0.9430052042007446,
    0.9430052042007446,
    0.9378238320350647
  ],
  "val_loss": [
    1.2674391269683838,
    1.4463196992874146,
    0.9512549638748169,
    0.7940620183944702,
    0.8135237693786621,
    1.0030885934829712,
    0.688755989074707,
    0.6299480199813843,
    0.8808327317237854,
    0.5552435517311096,
    0.5443617105484009,
    0.4826180934906006,
    0.7737789750099182,
    0.501893937587738,
    0.43398305773735046,
    0.4698778986930847,
    0.5347201228141785,
    0.9374290704727173,
    0.5031710267066956,
    0.39911797642707825,
    0.3976360261440277,
    0.3819793462753296,
    0.3328554332256317,
    0.384584903717041,
    0.35761114954948425,
    0.32448235154151917,
    0.32055073976516724,
    0.33711597323417664,
    0.3332080841064453,
    0.3288652300834656,
    0.36733338236808777,
    0.32307374477386475,
    0.30481499433517456,
    0.29530569911003113,
    0.2660340964794159,
    0.28459277749061584,
    0.24003353714942932,
    0.2614908814430237,
    0.2519003450870514,
    0.2538841664791107,
    0.26974186301231384,
    0.2632853388786316,
    0.25681906938552856,
    0.2588958442211151,
    0.24358108639717102,
    0.2494751363992691,
    0.24369169771671295
  ],
  "learning_rate": [
    0.0010000000474974513,
    0.0010000000474974513,
    0.0010000000474974513,
    0.0010000000474974513,
    0.0010000000474974513,
    0.0010000000474974513,
    0.0010000000474974513,
    0.0010000000474974513,
    0.0010000000474974513,
    0.0010000000474974513,
    0.0010000000474974513,
    0.0010000000474974513,
    0.0010000000474974513,
    0.0010000000474974513,
    0.0010000000474974513,
    0.0010000000474974513,
    0.0010000000474974513,
    0.0010000000474974513,
    0.0010000000474974513,
    0.0010000000474974513,
    0.0010000000474974513,
    0.0010000000474974513,
    0.0010000000474974513,
    0.0010000000474974513,
    0.0010000000474974513,
    0.0010000000474974513,
    0.0010000000474974513,
    0.0010000000474974513,
    0.0010000000474974513,
    0.0010000000474974513,
    0.0010000000474974513,
    0.0010000000474974513,
    0.0005000000237487257,
    0.0005000000237487257,
    0.0005000000237487257,
    0.0005000000237487257,
    0.0005000000237487257,
    0.0005000000237487257,
    0.0005000000237487257,
    0.0005000000237487257,
    0.0005000000237487257,
    0.0005000000237487257,
    0.0002500000118743628,
    0.0002500000118743628,
    0.0002500000118743628,
    0.0002500000118743628,
    0.0002500000118743628
  ]
}