{
  "test_loss": 0.28763914108276367,
  "test_accuracy": 0.9029567837715149,
  "classification_report": {
    "Class 0": {
      "precision": 0.9233038348082596,
      "recall": 0.9647732276530163,
      "f1-score": 0.9435831180017227,
      "support": 2271.0
    },
    "Class 1": {
      "precision": 0.9068100358422939,
      "recall": 0.7981072555205048,
      "f1-score": 0.8489932885906041,
      "support": 317.0
    },
    "Class 2": {
      "precision": 0.8582089552238806,
      "recall": 0.8712121212121212,
      "f1-score": 0.8646616541353384,
      "support": 264.0
    },
    "Class 3": {
      "precision": 0.8506876227897839,
      "recall": 0.7858439201451906,
      "f1-score": 0.8169811320754717,
      "support": 551.0
    },
    "Class 4": {
      "precision": 0.8825757575757576,
      "recall": 0.8411552346570397,
      "f1-score": 0.8613678373382625,
      "support": 554.0
    },
    "accuracy": 0.9029567854435178,
    "macro avg": {
      "precision": 0.8843172412479952,
      "recall": 0.8522183518375744,
      "f1-score": 0.8671174060282798,
      "support": 3957.0
    },
    "weighted avg": {
      "precision": 0.9018258287199418,
      "recall": 0.9029567854435178,
      "f1-score": 0.9016005043760034,
      "support": 3957.0
    }
  }
}