{
  "test_loss": 0.14147426187992096,
  "test_accuracy": 0.960051417350769,
  "classification_report": {
    "Class 0": {
      "precision": 0.9802081207916752,
      "recall": 0.956781517625971,
      "f1-score": 0.9683531546059262,
      "support": 5021.0
    },
    "Class 1": {
      "precision": 0.9842857142857143,
      "recall": 0.9609483960948396,
      "f1-score": 0.9724770642201835,
      "support": 717.0
    },
    "Class 2": {
      "precision": 0.875,
      "recall": 0.9847457627118644,
      "f1-score": 0.9266347687400319,
      "support": 590.0
    },
    "Class 3": {
      "precision": 0.9362084456424079,
      "recall": 0.9542124542124543,
      "f1-score": 0.945124716553288,
      "support": 1092.0
    },
    "Class 4": {
      "precision": 0.9323753169907016,
      "recall": 0.9666958808063103,
      "f1-score": 0.9492254733218589,
      "support": 1141.0
    },
    "accuracy": 0.960051395864969,
    "macro avg": {
      "precision": 0.9416155195420999,
      "recall": 0.964676802290288,
      "f1-score": 0.9523630354882577,
      "support": 8561.0
    },
    "weighted avg": {
      "precision": 0.9613114929290689,
      "recall": 0.960051395864969,
      "f1-score": 0.9603112035294097,
      "support": 8561.0
    }
  }
}