{
  "accuracy": [
    0.7294363379478455,
    0.929478645324707,
    0.9586911797523499,
    0.9725414514541626,
    0.9804947376251221,
    0.9842143654823303,
    0.9857868552207947,
    0.9879642128944397,
    0.9908068180084229,
    0.9911394715309143,
    0.9929236769676208,
    0.9932563304901123,
    0.9934679865837097,
    0.9942845106124878,
    0.9945566654205322,
    0.9977017045021057,
    0.9977319240570068,
    0.9977319240570068,
    0.9977622032165527,
    0.9978529214859009
  ],
  "loss": [
    0.7244905829429626,
    0.20959419012069702,
    0.12580379843711853,
    0.08638952672481537,
    0.06287097930908203,
    0.050877273082733154,
    0.04529759660363197,
    0.036642465740442276,
    0.028798673301935196,
    0.0288787093013525,
    0.023014245554804802,
    0.023034101352095604,
    0.022130724042654037,
    0.017526542767882347,
    0.017573963850736618,
    0.009207271039485931,
    0.00787460245192051,
    0.008305366151034832,
    0.0073084053583443165,
    0.007593896239995956
  ],
  "val_accuracy": [
    0.7223898768424988,
    0.8859384655952454,
    0.9487024545669556,
    0.9293904900550842,
    0.9601689577102661,
    0.9595654606819153,
    0.9625830054283142,
    0.9619795083999634,
    0.9613759517669678,
    0.9674109816551208,
    0.9656004905700684,
    0.96680748462677,
    0.96680748462677,
    0.9625830054283142,
    0.9680144786834717,
    0.9746530055999756,
    0.9782739877700806,
    0.9764634966850281,
    0.9722389578819275,
    0.9794809818267822
  ],
  "val_loss": [
    0.6796736717224121,
    0.35745227336883545,
    0.16355597972869873,
    0.21004608273506165,
    0.15554003417491913,
    0.14039117097854614,
    0.1289069503545761,
    0.14519357681274414,
    0.1490173190832138,
    0.12502525746822357,
    0.14377442002296448,
    0.13306905329227448,
    0.1618550717830658,
    0.18580538034439087,
    0.16150255501270294,
    0.13624440133571625,
    0.14180521667003632,
    0.14289748668670654,
    0.1623874455690384,
    0.12560388445854187
  ],
  "learning_rate": [
    0.0010000000474974513,
    0.0010000000474974513,
    0.0010000000474974513,
    0.0010000000474974513,
    0.0010000000474974513,
    0.0010000000474974513,
    0.0010000000474974513,
    0.0010000000474974513,
    0.0010000000474974513,
    0.0010000000474974513,
    0.0010000000474974513,
    0.0010000000474974513,
    0.0010000000474974513,
    0.0010000000474974513,
    0.0010000000474974513,
    0.0005000000237487257,
    0.0005000000237487257,
    0.0005000000237487257,
    0.0005000000237487257,
    0.0005000000237487257
  ]
}