{
  "missing_values": {
    "files_with_missing": 0,
    "missing_summary": {
      "Gx": 0,
      "Gy": 0,
      "Gz": 0,
      "Ax": 0,
      "Ay": 0,
      "Az": 0,
      "ClassLabel": 0,
      "StepLabel": 0
    },
    "total_samples": 1764597
  },
  "outliers": {
    "Gx": {
      "count": 12319,
      "percentage": 0.698119740654665,
      "lower_bound": -1.350892,
      "upper_bound": 1.2962909999999999,
      "min_value": -10.2193,
      "max_value": 10.3723
    },
    "Gy": {
      "count": 5135,
      "percentage": 0.2910012881128099,
      "lower_bound": -3.9303660000000002,
      "upper_bound": 3.8254520000000003,
      "min_value": -7.35489,
      "max_value": 7.96511
    },
    "Gz": {
      "count": 6432,
      "percentage": 0.3645024898036209,
      "lower_bound": -1.5138179999999999,
      "upper_bound": 1.503672,
      "min_value": -4.47102,
      "max_value": 4.32771
    },
    "Ax": {
      "count": 7977,
      "percentage": 0.4520578919719347,
      "lower_bound": -0.832,
      "upper_bound": 0.862,
      "min_value": -4.088,
      "max_value": 4.094
    },
    "Ay": {
      "count": 254,
      "percentage": 0.014394221456797219,
      "lower_bound": -2.0719999999999996,
      "upper_bound": 0.11199999999999988,
      "min_value": -4.096,
      "max_value": 1.888
    },
    "Az": {
      "count": 5460,
      "percentage": 0.30941909115792443,
      "lower_bound": -0.934,
      "upper_bound": 1.054,
      "min_value": -2.118,
      "max_value": 4.094
    }
  },
  "static_periods": {
    "files_with_static": 0,
    "avg_static_ratio": 0
  },
  "corrupted_files": [],
  "sensor_issues": {
    "drift": {
      "files_with_drift": 41,
      "avg_max_drift": 0.5093866764495122
    }
  },
  "timestamp_continuity": {
    "mean_samples": 3573.86,
    "std_samples": 576.9867246306452,
    "short_files": 0,
    "long_files": 0
  }
}