{
  "file_counts": {
    "center": 503,
    "left": 496,
    "right": 494
  },
  "subject_counts": {
    "total": 504,
    "complete": 490,
    "missing_left": 8,
    "missing_right": 9
  },
  "sample_stats": {
    "mean_samples": 3634.7,
    "std_samples": 816.6056637080103,
    "mean_duration": 36.346999999999994,
    "std_duration": 8.166056637080104
  },
  "sensor_stats": {
    "accelerometer": {
      "Ax": {
        "count": 36347.0,
        "mean": 0.02109841252372961,
        "std": 0.2019082051817511,
        "min": -1.284,
        "25%": -0.098,
        "50%": 0.02,
        "75%": 0.138,
        "max": 2.258
      },
      "Ay": {
        "count": 36347.0,
        "mean": -1.0009880320246514,
        "std": 0.26752450186571264,
        "min": -3.554,
        "25%": -1.13,
        "50%": -0.954,
        "75%": -0.828,
        "max": -0.066
      },
      "Az": {
        "count": 36347.0,
        "mean": 0.001707871351143147,
        "std": 0.2156759471644354,
        "min": -0.75,
        "25%": -0.136,
        "50%": -0.008,
        "75%": 0.122,
        "max": 1.968
      }
    },
    "gyroscope": {
      "Gx": {
        "count": 36347.0,
        "mean": -0.012715996748232317,
        "std": 0.304848144627563,
        "min": -1.92672,
        "25%": -0.195079,
        "50%": -0.00333226,
        "75%": 0.161784,
        "max": 3.97011
      },
      "Gy": {
        "count": 36347.0,
        "mean": -0.06570224661694225,
        "std": 1.0015684223298558,
        "min": -4.41466,
        "25%": -0.588962,
        "50%": -0.0510034,
        "75%": 0.492282,
        "max": 5.95026
      },
      "Gz": {
        "count": 36347.0,
        "mean": -0.007782352101191296,
        "std": 0.3131171801720929,
        "min": -1.9783,
        "25%": -0.197735,
        "50%": -0.0059876,
        "75%": 0.180434,
        "max": 2.10167
      }
    }
  },
  "activity_stats": {
    "class_counts": {
      "-1": 18933,
      "0": 10733,
      "1": 1030,
      "2": 957,
      "3": 2266,
      "4": 2428
    },
    "class_percentages": {
      "-1": 52.09,
      "0": 29.53,
      "1": 2.83,
      "2": 2.63,
      "3": 6.23,
      "4": 6.68
    },
    "avg_transitions": 10.3
  },
  "step_stats": {
    "non_step_count": 19794,
    "step_count": 16553,
    "avg_steps_per_recording": 30.8
  },
  "protocol": {
    "gallery_count": 252,
    "probe_count": 252,
    "overlap": 0
  }
}