{
  "Class 0": {
    "precision": 0.9757869249394673,
    "recall": 0.9631547500497909,
    "f1-score": 0.969429688283051,
    "support": 5021.0
  },
  "Class 1": {
    "precision": 0.9736111111111111,
    "recall": 0.9776847977684798,
    "f1-score": 0.9756437021572721,
    "support": 717.0
  },
  "Class 2": {
    "precision": 0.9398373983739837,
    "recall": 0.9796610169491525,
    "f1-score": 0.9593360995850623,
    "support": 590.0
  },
  "Class 3": {
    "precision": 0.9446529080675422,
    "recall": 0.9221611721611722,
    "f1-score": 0.933271547729379,
    "support": 1092.0
  },
  "Class 4": {
    "precision": 0.9194352159468439,
    "recall": 0.9702015775635408,
    "f1-score": 0.944136460554371,
    "support": 1141.0
  },
  "accuracy": 0.9612194837051746,
  "macro avg": {
    "precision": 0.9506647116877897,
    "recall": 0.9625726628984271,
    "f1-score": 0.9563634996618271,
    "support": 8561.0
  },
  "weighted avg": {
    "precision": 0.9616453613869277,
    "recall": 0.9612194837051746,
    "f1-score": 0.9612712918682594,
    "support": 8561.0
  }
}