{
  "test_loss": 0.2532273828983307,
  "test_accuracy": 0.9342936277389526,
  "classification_report": {
    "Class 0": {
      "precision": 0.9700089525514771,
      "recall": 0.9542051959489212,
      "f1-score": 0.9620421753607103,
      "support": 2271.0
    },
    "Class 1": {
      "precision": 0.9120521172638436,
      "recall": 0.8832807570977917,
      "f1-score": 0.8974358974358975,
      "support": 317.0
    },
    "Class 2": {
      "precision": 0.9044117647058824,
      "recall": 0.9318181818181818,
      "f1-score": 0.917910447761194,
      "support": 264.0
    },
    "Class 3": {
      "precision": 0.8797127468581688,
      "recall": 0.8892921960072595,
      "f1-score": 0.8844765342960289,
      "support": 551.0
    },
    "Class 4": {
      "precision": 0.8756388415672913,
      "recall": 0.927797833935018,
      "f1-score": 0.9009640666082384,
      "support": 554.0
    },
    "accuracy": 0.9342936568107152,
    "macro avg": {
      "precision": 0.9083648845893325,
      "recall": 0.9172788329614345,
      "f1-score": 0.912565824292414,
      "support": 3957.0
    },
    "weighted avg": {
      "precision": 0.9352037402189857,
      "recall": 0.9342936568107152,
      "f1-score": 0.9345701241441455,
      "support": 3957.0
    }
  }
}