{
  "accuracy": [
    0.5882276892662048,
    0.7307143807411194,
    0.768961489200592,
    0.7575522065162659,
    0.8182289600372314,
    0.8182289600372314,
    0.7934655547142029,
    0.8315830230712891,
    0.8562167882919312,
    0.8095423579216003,
    0.830675482749939,
    0.8821470141410828,
    0.888499915599823,
    0.8444185256958008,
    0.8571243286132812,
    0.8741086721420288,
    0.8433812856674194,
    0.8637365698814392,
    0.8844807744026184,
    0.9072993397712708,
    0.9120964407920837,
    0.9196162223815918,
    0.9314144849777222,
    0.9297290444374084,
    0.927784264087677,
    0.945157527923584,
    0.9454168081283569,
    0.9341371655464172,
    0.9485284686088562,
    0.9543627500534058,
    0.9579929709434509,
    0.957733690738678,
    0.9600673913955688,
    0.9679761528968811,
    0.9643459320068359,
    0.9620121717453003,
    0.9719953536987305,
    0.9760144948959351,
    0.9749773144721985,
    0.9827563762664795,
    0.9857383370399475,
    0.9845715165138245,
    0.9801633358001709,
    0.979904055595398,
    0.9834046363830566,
    0.9867755770683289,
    0.9871645569801331,
    0.987423837184906,
    0.9883313775062561,
    0.9872941970825195
  ],
  "loss": [
    1.2485377788543701,
    0.9730845093727112,
    0.851776123046875,
    0.8519582152366638,
    0.6998732686042786,
    0.7415812611579895,
    0.7569326758384705,
    0.6594099998474121,
    0.5712055563926697,
    0.6717644333839417,
    0.6666913032531738,
    0.4813820421695709,
    0.45339611172676086,
    0.5882912874221802,
    0.5104622840881348,
    0.4411430358886719,
    0.5045363903045654,
    0.4956554174423218,
    0.41572439670562744,
    0.3544963002204895,
    0.32950106263160706,
    0.289169043302536,
    0.26518604159355164,
    0.2521090507507324,
    0.28754472732543945,
    0.21047043800354004,
    0.22338835895061493,
    0.23974910378456116,
    0.19375230371952057,
    0.18463990092277527,
    0.16758619248867035,
    0.17352551221847534,
    0.16290625929832458,
    0.1376924067735672,
    0.1410304754972458,
    0.1429084688425064,
    0.10868071019649506,
    0.09523167461156845,
    0.09065649658441544,
    0.067875437438488,
    0.06090932339429855,
    0.06807830929756165,
    0.0752098336815834,
    0.08674119412899017,
    0.06579981744289398,
    0.05443883687257767,
    0.05761463940143585,
    0.050529927015304565,
    0.05403776094317436,
    0.05003267154097557
  ],
  "val_accuracy": [
    0.4953395426273346,
    0.6098535060882568,
    0.67643141746521,
    0.6897469758987427,
    0.7456724643707275,
    0.7589880228042603,
    0.782956063747406,
    0.7896138429641724,
    0.7776298522949219,
    0.7150465846061707,
    0.7869507074356079,
    0.8455392718315125,
    0.8468708395957947,
    0.833555281162262,
    0.8868175745010376,
    0.8841544389724731,
    0.8362183570861816,
    0.7496671080589294,
    0.8655126690864563,
    0.9001331329345703,
    0.9134487509727478,
    0.9174433946609497,
    0.9134487509727478,
    0.9427430033683777,
    0.9187749624252319,
    0.9254327416419983,
    0.9267643094062805,
    0.9107856154441833,
    0.929427444934845,
    0.9507323503494263,
    0.9267643094062805,
    0.9440745711326599,
    0.9387483596801758,
    0.9320905208587646,
    0.9387483596801758,
    0.9480692148208618,
    0.9533954858779907,
    0.9560585618019104,
    0.9573901295661926,
    0.964047908782959,
    0.9627164006233215,
    0.9560585618019104,
    0.9560585618019104,
    0.9600532650947571,
    0.9627164006233215,
    0.9653794765472412,
    0.9653794765472412,
    0.9600532650947571,
    0.9693741798400879,
    0.9653794765472412
  ],
  "val_loss": [
    1.288590431213379,
    0.9455492496490479,
    0.8418138027191162,
    0.9029027223587036,
    0.7485538721084595,
    0.7805413007736206,
    0.6987313032150269,
    0.6174193024635315,
    0.6625884771347046,
    0.8273914456367493,
    0.5681729316711426,
    0.42908963561058044,
    0.41621729731559753,
    0.5092182755470276,
    0.353152871131897,
    0.3445962369441986,
    0.5021721124649048,
    0.6613426804542542,
    0.37183234095573425,
    0.2803461253643036,
    0.2617870569229126,
    0.23625142872333527,
    0.2582625150680542,
    0.19492337107658386,
    0.24880222976207733,
    0.21147876977920532,
    0.19774746894836426,
    0.2455674260854721,
    0.1786062866449356,
    0.16352231800556183,
    0.19436867535114288,
    0.17155997455120087,
    0.19467318058013916,
    0.22296316921710968,
    0.1941823959350586,
    0.17247846722602844,
    0.16379307210445404,
    0.14686709642410278,
    0.13493750989437103,
    0.14933429658412933,
    0.17151549458503723,
    0.18056975305080414,
    0.16415902972221375,
    0.14808011054992676,
    0.13761559128761292,
    0.1403137743473053,
    0.13464760780334473,
    0.1551535576581955,
    0.15137745440006256,
    0.16095271706581116
  ],
  "learning_rate": [
    0.0010000000474974513,
    0.0010000000474974513,
    0.0010000000474974513,
    0.0010000000474974513,
    0.0010000000474974513,
    0.0010000000474974513,
    0.0010000000474974513,
    0.0010000000474974513,
    0.0010000000474974513,
    0.0010000000474974513,
    0.0010000000474974513,
    0.0010000000474974513,
    0.0010000000474974513,
    0.0010000000474974513,
    0.0010000000474974513,
    0.0010000000474974513,
    0.0010000000474974513,
    0.0010000000474974513,
    0.0010000000474974513,
    0.0010000000474974513,
    0.0010000000474974513,
    0.0010000000474974513,
    0.0010000000474974513,
    0.0010000000474974513,
    0.0010000000474974513,
    0.0010000000474974513,
    0.0010000000474974513,
    0.0010000000474974513,
    0.0010000000474974513,
    0.0010000000474974513,
    0.0010000000474974513,
    0.0010000000474974513,
    0.0010000000474974513,
    0.0010000000474974513,
    0.0010000000474974513,
    0.0005000000237487257,
    0.0005000000237487257,
    0.0005000000237487257,
    0.0005000000237487257,
    0.0005000000237487257,
    0.0005000000237487257,
    0.0005000000237487257,
    0.0005000000237487257,
    0.0005000000237487257,
    0.0002500000118743628,
    0.0002500000118743628,
    0.0002500000118743628,
    0.0002500000118743628,
    0.0002500000118743628,
    0.0002500000118743628
  ]
}