{
  "Class 0": {
    "precision": 0.9550311665182547,
    "recall": 0.9445178335535006,
    "f1-score": 0.9497454062430817,
    "support": 2271.0
  },
  "Class 1": {
    "precision": 0.8978328173374613,
    "recall": 0.9148264984227129,
    "f1-score": 0.90625,
    "support": 317.0
  },
  "Class 2": {
    "precision": 0.8989169675090253,
    "recall": 0.9431818181818182,
    "f1-score": 0.9205175600739371,
    "support": 264.0
  },
  "Class 3": {
    "precision": 0.8419117647058824,
    "recall": 0.8312159709618875,
    "f1-score": 0.8365296803652968,
    "support": 551.0
  },
  "Class 4": {
    "precision": 0.8483245149911817,
    "recall": 0.868231046931408,
    "f1-score": 0.8581623550401427,
    "support": 554.0
  },
  "accuracy": 0.9155926206722265,
  "macro avg": {
    "precision": 0.888403446212361,
    "recall": 0.9003946336102654,
    "f1-score": 0.8942410003444916,
    "support": 3957.0
  },
  "weighted avg": {
    "precision": 0.9160141585391383,
    "recall": 0.9155926206722265,
    "f1-score": 0.9157239075084851,
    "support": 3957.0
  }
}