{
  "Class 0": {
    "precision": 0.9660259275815825,
    "recall": 0.9515631880228974,
    "f1-score": 0.958740017746229,
    "support": 2271.0
  },
  "Class 1": {
    "precision": 0.9240924092409241,
    "recall": 0.8832807570977917,
    "f1-score": 0.9032258064516129,
    "support": 317.0
  },
  "Class 2": {
    "precision": 0.9022556390977443,
    "recall": 0.9090909090909091,
    "f1-score": 0.9056603773584906,
    "support": 264.0
  },
  "Class 3": {
    "precision": 0.8628884826325411,
    "recall": 0.8566243194192378,
    "f1-score": 0.8597449908925319,
    "support": 551.0
  },
  "Class 4": {
    "precision": 0.8493377483443708,
    "recall": 0.9259927797833934,
    "f1-score": 0.8860103626943006,
    "support": 554.0
  },
  "accuracy": 0.9264594389689158,
  "macro avg": {
    "precision": 0.9009200413794325,
    "recall": 0.9053103906828459,
    "f1-score": 0.9026763110286329,
    "support": 3957.0
  },
  "weighted avg": {
    "precision": 0.9277135027804556,
    "recall": 0.9264594389689158,
    "f1-score": 0.9267841120757939,
    "support": 3957.0
  }
}