{
  "Class 0": {
    "precision": 0.9285714285714286,
    "recall": 0.9649708090075062,
    "f1-score": 0.9464212678936605,
    "support": 1199.0
  },
  "Class 1": {
    "precision": 0.8976377952755905,
    "recall": 0.7755102040816326,
    "f1-score": 0.8321167883211679,
    "support": 147.0
  },
  "Class 2": {
    "precision": 0.9029850746268657,
    "recall": 0.8120805369127517,
    "f1-score": 0.8551236749116607,
    "support": 149.0
  },
  "Class 3": {
    "precision": 0.8301158301158301,
    "recall": 0.7789855072463768,
    "f1-score": 0.8037383177570093,
    "support": 276.0
  },
  "Class 4": {
    "precision": 0.8505338078291815,
    "recall": 0.8659420289855072,
    "f1-score": 0.8581687612208259,
    "support": 276.0
  },
  "accuracy": 0.9018075232046898,
  "macro avg": {
    "precision": 0.8819687872837794,
    "recall": 0.839497817246755,
    "f1-score": 0.8591137620208649,
    "support": 2047.0
  },
  "weighted avg": {
    "precision": 0.9006907547410262,
    "recall": 0.9018075232046898,
    "f1-score": 0.9004299215668933,
    "support": 2047.0
  }
}