{
  "Class 0": {
    "precision": 0.9551244366059181,
    "recall": 0.9707229635530771,
    "f1-score": 0.9628605294350059,
    "support": 5021.0
  },
  "Class 1": {
    "precision": 0.9856527977044476,
    "recall": 0.9581589958158996,
    "f1-score": 0.9717114568599717,
    "support": 717.0
  },
  "Class 2": {
    "precision": 0.9437819420783645,
    "recall": 0.9389830508474576,
    "f1-score": 0.9413763806287171,
    "support": 590.0
  },
  "Class 3": {
    "precision": 0.9672131147540983,
    "recall": 0.8644688644688645,
    "f1-score": 0.9129593810444874,
    "support": 1092.0
  },
  "Class 4": {
    "precision": 0.9156928213689483,
    "recall": 0.9614373356704645,
    "f1-score": 0.9380076955964087,
    "support": 1141.0
  },
  "accuracy": 0.9526924424716738,
  "macro avg": {
    "precision": 0.9534930225023552,
    "recall": 0.9387542420711528,
    "f1-score": 0.9453830887129182,
    "support": 8561.0
  },
  "weighted avg": {
    "precision": 0.9531861264422479,
    "recall": 0.9526924424716738,
    "f1-score": 0.9524436773985271,
    "support": 8561.0
  }
}