{
  "test_loss": 0.12730368971824646,
  "test_accuracy": 0.9611026644706726,
  "classification_report": {
    "Class 0": {
      "precision": 0.9686009538950715,
      "recall": 0.9707229635530771,
      "f1-score": 0.9696607977718094,
      "support": 5021.0
    },
    "Class 1": {
      "precision": 0.9804195804195804,
      "recall": 0.9776847977684798,
      "f1-score": 0.979050279329609,
      "support": 717.0
    },
    "Class 2": {
      "precision": 0.8950617283950617,
      "recall": 0.9830508474576272,
      "f1-score": 0.9369951534733441,
      "support": 590.0
    },
    "Class 3": {
      "precision": 0.9438822447102115,
      "recall": 0.9395604395604396,
      "f1-score": 0.9417163836622304,
      "support": 1092.0
    },
    "Class 4": {
      "precision": 0.9703429101019463,
      "recall": 0.9176161262050833,
      "f1-score": 0.9432432432432433,
      "support": 1141.0
    },
    "accuracy": 0.9611026749211541,
    "macro avg": {
      "precision": 0.9516614835043743,
      "recall": 0.9577270349089414,
      "f1-score": 0.9541331714960473,
      "support": 8561.0
    },
    "weighted avg": {
      "precision": 0.9616018362423726,
      "recall": 0.9611026749211541,
      "f1-score": 0.9611106048289397,
      "support": 8561.0
    }
  }
}