{
  "test_loss": 0.41129443049430847,
  "test_accuracy": 0.898876428604126,
  "classification_report": {
    "Class 0": {
      "precision": 0.9537815126050421,
      "recall": 0.9466221851542952,
      "f1-score": 0.950188363331938,
      "support": 1199.0
    },
    "Class 1": {
      "precision": 0.8881118881118881,
      "recall": 0.8639455782312925,
      "f1-score": 0.8758620689655172,
      "support": 147.0
    },
    "Class 2": {
      "precision": 0.87248322147651,
      "recall": 0.87248322147651,
      "f1-score": 0.87248322147651,
      "support": 149.0
    },
    "Class 3": {
      "precision": 0.8022388059701493,
      "recall": 0.7789855072463768,
      "f1-score": 0.7904411764705882,
      "support": 276.0
    },
    "Class 4": {
      "precision": 0.7845117845117845,
      "recall": 0.8442028985507246,
      "f1-score": 0.8132635253054101,
      "support": 276.0
    },
    "accuracy": 0.898876404494382,
    "macro avg": {
      "precision": 0.8602254425350747,
      "recall": 0.8612478781318398,
      "f1-score": 0.8604476711099928,
      "support": 2047.0
    },
    "weighted avg": {
      "precision": 0.8998923518021038,
      "recall": 0.898876404494382,
      "f1-score": 0.8991939762887642,
      "support": 2047.0
    }
  }
}