{
  "test_loss": 0.25880518555641174,
  "test_accuracy": 0.9373262524604797,
  "classification_report": {
    "Class 0": {
      "precision": 0.9602620087336244,
      "recall": 0.9682959048877147,
      "f1-score": 0.9642622231966674,
      "support": 2271.0
    },
    "Class 1": {
      "precision": 0.9213836477987422,
      "recall": 0.9242902208201893,
      "f1-score": 0.9228346456692913,
      "support": 317.0
    },
    "Class 2": {
      "precision": 0.8880597014925373,
      "recall": 0.9015151515151515,
      "f1-score": 0.8947368421052632,
      "support": 264.0
    },
    "Class 3": {
      "precision": 0.9317269076305221,
      "recall": 0.8421052631578947,
      "f1-score": 0.8846520495710201,
      "support": 551.0
    },
    "Class 4": {
      "precision": 0.8833619210977701,
      "recall": 0.9296028880866426,
      "f1-score": 0.9058927000879508,
      "support": 554.0
    },
    "accuracy": 0.9373262572656053,
    "macro avg": {
      "precision": 0.9169588373506393,
      "recall": 0.9131618856935185,
      "f1-score": 0.9144756921260386,
      "support": 3957.0
    },
    "weighted avg": {
      "precision": 0.9375904548326698,
      "recall": 0.9373262572656053,
      "f1-score": 0.9370473725132533,
      "support": 3957.0
    }
  }
}