{
  "accuracy": [
    0.6367172598838806,
    0.7777777910232544,
    0.8413068652153015,
    0.880461573600769,
    0.9161156415939331,
    0.9206534624099731,
    0.938545286655426,
    0.9455465078353882,
    0.9608453512191772,
    0.9541034698486328,
    0.9617528915405273,
    0.9589005708694458,
    0.9726436138153076,
    0.9762738347053528,
    0.9757552146911621,
    0.9660313725471497,
    0.9633086919784546,
    0.9665499925613403,
    0.9784778952598572,
    0.9801633358001709,
    0.9815894961357117,
    0.9862569570541382,
    0.9914430379867554,
    0.9879424571990967,
    0.9937767386436462,
    0.9906651377677917,
    0.9953325390815735,
    0.9950732588768005,
    0.9968883991241455,
    0.9961104393005371,
    0.9957215189933777,
    0.9976662993431091,
    0.9958511590957642
  ],
  "loss": [
    1.1039224863052368,
    0.7615271806716919,
    0.6103208065032959,
    0.4546114504337311,
    0.3522253930568695,
    0.3245077431201935,
    0.2628321945667267,
    0.2047595977783203,
    0.17602242529392242,
    0.20223665237426758,
    0.15758247673511505,
    0.16402609646320343,
    0.11414223909378052,
    0.10693124681711197,
    0.10656403005123138,
    0.13345609605312347,
    0.13841979205608368,
    0.13476844131946564,
    0.08241444081068039,
    0.08670685440301895,
    0.08085275441408157,
    0.07386934757232666,
    0.04080634564161301,
    0.0569474957883358,
    0.034735649824142456,
    0.04987994208931923,
    0.024067163467407227,
    0.022276844829320908,
    0.012526902370154858,
    0.013605725951492786,
    0.015518343076109886,
    0.013221505098044872,
    0.023901712149381638
  ],
  "val_accuracy": [
    0.41544607281684875,
    0.636484682559967,
    0.8015978932380676,
    0.8588548898696899,
    0.9201065301895142,
    0.9081224799156189,
    0.9440745711326599,
    0.9454061388969421,
    0.9467377066612244,
    0.949400782585144,
    0.949400782585144,
    0.9307590126991272,
    0.9467377066612244,
    0.9587216973304749,
    0.9600532650947571,
    0.9467377066612244,
    0.9573901295661926,
    0.9454061388969421,
    0.9400798678398132,
    0.9467377066612244,
    0.9427430033683777,
    0.9560585618019104,
    0.9613848328590393,
    0.9667110443115234,
    0.9667110443115234,
    0.9587216973304749,
    0.9720372557640076,
    0.9627164006233215,
    0.9680426120758057,
    0.9720372557640076,
    0.9733688235282898,
    0.9720372557640076,
    0.9707057476043701
  ],
  "val_loss": [
    0.9885517358779907,
    0.9574119448661804,
    0.6182321906089783,
    0.38218143582344055,
    0.2625350058078766,
    0.3072911202907562,
    0.20548726618289948,
    0.1901993453502655,
    0.21885104477405548,
    0.20126967132091522,
    0.20917737483978271,
    0.26004016399383545,
    0.18285581469535828,
    0.16618292033672333,
    0.16374021768569946,
    0.1978883296251297,
    0.16605131328105927,
    0.2145295888185501,
    0.2663775384426117,
    0.22095589339733124,
    0.24781423807144165,
    0.20668232440948486,
    0.16184350848197937,
    0.17311421036720276,
    0.17535768449306488,
    0.17855022847652435,
    0.17902082204818726,
    0.2032446712255478,
    0.21299822628498077,
    0.1874242126941681,
    0.19599825143814087,
    0.18326081335544586,
    0.16726025938987732
  ],
  "learning_rate": [
    0.0010000000474974513,
    0.0010000000474974513,
    0.0010000000474974513,
    0.0010000000474974513,
    0.0010000000474974513,
    0.0010000000474974513,
    0.0010000000474974513,
    0.0010000000474974513,
    0.0010000000474974513,
    0.0010000000474974513,
    0.0010000000474974513,
    0.0010000000474974513,
    0.0010000000474974513,
    0.0010000000474974513,
    0.0010000000474974513,
    0.0010000000474974513,
    0.0010000000474974513,
    0.0010000000474974513,
    0.0010000000474974513,
    0.0010000000474974513,
    0.0005000000237487257,
    0.0005000000237487257,
    0.0005000000237487257,
    0.0005000000237487257,
    0.0005000000237487257,
    0.0005000000237487257,
    0.0005000000237487257,
    0.0005000000237487257,
    0.0002500000118743628,
    0.0002500000118743628,
    0.0002500000118743628,
    0.0002500000118743628,
    0.0002500000118743628
  ]
}