{
  "Class 0": {
    "precision": 0.9772209567198178,
    "recall": 0.9398526190001991,
    "f1-score": 0.9581725888324873,
    "support": 5021.0
  },
  "Class 1": {
    "precision": 0.9359673024523161,
    "recall": 0.9581589958158996,
    "f1-score": 0.9469331495520331,
    "support": 717.0
  },
  "Class 2": {
    "precision": 0.9522240527182867,
    "recall": 0.9796610169491525,
    "f1-score": 0.9657477025898078,
    "support": 590.0
  },
  "Class 3": {
    "precision": 0.891398783666377,
    "recall": 0.9395604395604396,
    "f1-score": 0.9148461881408827,
    "support": 1092.0
  },
  "Class 4": {
    "precision": 0.8870967741935484,
    "recall": 0.9640666082383874,
    "f1-score": 0.9239815203695926,
    "support": 1141.0
  },
  "accuracy": 0.9473192384067282,
  "macro avg": {
    "precision": 0.9287815739500692,
    "recall": 0.9562599359128157,
    "f1-score": 0.9419362298969608,
    "support": 8561.0
  },
  "weighted avg": {
    "precision": 0.9490844599662221,
    "recall": 0.9473192384067282,
    "f1-score": 0.9476698672440443,
    "support": 8561.0
  }
}