{
  "Class 0": {
    "precision": 0.9601328903654485,
    "recall": 0.9641367806505421,
    "f1-score": 0.9621306699958385,
    "support": 1199.0
  },
  "Class 1": {
    "precision": 0.8698630136986302,
    "recall": 0.8639455782312925,
    "f1-score": 0.8668941979522184,
    "support": 147.0
  },
  "Class 2": {
    "precision": 0.9139072847682119,
    "recall": 0.9261744966442953,
    "f1-score": 0.92,
    "support": 149.0
  },
  "Class 3": {
    "precision": 0.8586206896551725,
    "recall": 0.9021739130434783,
    "f1-score": 0.8798586572438163,
    "support": 276.0
  },
  "Class 4": {
    "precision": 0.9140625,
    "recall": 0.8478260869565217,
    "f1-score": 0.8796992481203008,
    "support": 276.0
  },
  "accuracy": 0.9301416707376648,
  "macro avg": {
    "precision": 0.9033172756974925,
    "recall": 0.900851371105226,
    "f1-score": 0.9017165546624348,
    "support": 2047.0
  },
  "weighted avg": {
    "precision": 0.9303868804773632,
    "recall": 0.9301416707376648,
    "f1-score": 0.9300176366900258,
    "support": 2047.0
  }
}